Quarter,Closing Headcount,Hires,Exits,Turnover Rate,Payroll Cost (BDT),Absence Rate,Training Hours,Female Representation,Engagement Pulse,Open Vacancies
Q1,428,24,16,0.03757339,93465000,0.03065636,1768,0.26869159,3.99,0
Q2,437,21,12,0.02766039,94520500,0.03622972,2160,0.26086957,4.09,0
Q3,453,29,13,0.02907193,97311500,0.04147739,3138,0.26490066,4.03,0
Q4,456,22,19,0.04197349,96817500,0.02308501,561,0.26754386,3.98,48
